INSERT INTO schedule (id, country, year) VALUES (1, 'Portugal', 2019);
INSERT INTO schedule (id, country, year) VALUES (21, 'Brazil', 2019);
INSERT INTO schedule (id, country, year) VALUES (33, 'Angola', 2019);
INSERT INTO schedule (id, country, year) VALUES (59, 'Mozambique', 2019);
INSERT INTO schedule (id, country, year) VALUES (73, 'Macau', 2019);
INSERT INTO schedule (id, country, year) VALUES (94, 'India', 2019);
INSERT INTO schedule (id, country, year) VALUES (115, 'Malaysia', 2019);
INSERT INTO schedule (id, country, year) VALUES (136, 'Indonesia', 2019);
INSERT INTO schedule (id, country, year) VALUES (157, 'Venezuela', 2019);
INSERT INTO schedule (id, country, year) VALUES (179, 'Argentina', 2019);
INSERT INTO schedule (id, country, year) VALUES (198, 'Uruguay', 2019);

INSERT INTO stop (id, kidaddress, kidchimney, kidname, toyname) VALUES (2, '65450 Considine Avenue 63907 Roweshire', true, 'Kareem Hettinger', 'Machoke');
INSERT INTO stop (id, kidaddress, kidchimney, kidname, toyname) VALUES (3, '866 Ilda Villages 56595 Lake Emilioshire', false, 'Antione Hand', 'Bellsprout');
INSERT INTO stop (id, kidaddress, kidchimney, kidname, toyname) VALUES (4, '177 Jae Roads 88784-0019 Fisherside', false, 'Faith Cummings', 'Gyarados');
INSERT INTO stop (id, kidaddress, kidchimney, kidname, toyname) VALUES (5, '7551 Kassulke Place 87473-2089 Lake Gianna', true, 'Sacha Boyer', 'Metapod');
INSERT INTO stop (id, kidaddress, kidchimney, kidname, toyname) VALUES (6, '43569 Borer Manors 88396 Whiteberg', true, 'Alton Hackett', 'Arbok');
INSERT INTO stop (id, kidaddress, kidchimney, kidname, toyname) VALUES (7, '18278 Lesley Groves 30689 North Lezlie', true, 'Douglas Gerhold', 'Venusaur');
INSERT INTO stop (id, kidaddress, kidchimney, kidname, toyname) VALUES (8, '7803 Ziemann Keys 34585-9319 Lakinville', false, 'Kallie Ortiz', 'Farfetch''d');
INSERT INTO stop (id, kidaddress, kidchimney, kidname, toyname) VALUES (9, '27678 Antoine Tunnel 64779-7528 Shaynachester', false, 'Lillie Abshire', 'Dodrio');
INSERT INTO stop (id, kidaddress, kidchimney, kidname, toyname) VALUES (10, '542 Medhurst Points 97821 Kozeyton', false, 'Kurt Bailey', 'Psyduck');
INSERT INTO stop (id, kidaddress, kidchimney, kidname, toyname) VALUES (11, '846 Kris Club 89208 West Raeberg', false, 'Timothy Beahan', 'Dewgong');
INSERT INTO stop (id, kidaddress, kidchimney, kidname, toyname) VALUES (12, '2641 Predovic Springs 10796-9478 East Maybellehaven', false, 'Erich Feest', 'Slowpoke');
INSERT INTO stop (id, kidaddress, kidchimney, kidname, toyname) VALUES (13, '823 Gusikowski Rue 62422-3195 Walterberg', false, 'Trudie Kertzmann', 'Tentacool');
INSERT INTO stop (id, kidaddress, kidchimney, kidname, toyname) VALUES (14, '187 Merlin Drive 40744-7872 New Danille', false, 'Latesha Nicolas', 'Slowpoke');
INSERT INTO stop (id, kidaddress, kidchimney, kidname, toyname) VALUES (15, '8079 Vandervort Island 69844 Klingview', true, 'Viva Ratke', 'Slowbro');
INSERT INTO stop (id, kidaddress, kidchimney, kidname, toyname) VALUES (16, '918 Jacobs Turnpike 75099 Langfort', false, 'Dino Huel', 'Sandslash');
INSERT INTO stop (id, kidaddress, kidchimney, kidname, toyname) VALUES (17, '20845 Wes Via 81345-1928 Willianchester', true, 'Zachariah Schiller', 'Gloom');
INSERT INTO stop (id, kidaddress, kidchimney, kidname, toyname) VALUES (18, '92669 Emery Expressway 82687 Turcottemouth', true, 'Ruthanne Legros', 'Seel');
INSERT INTO stop (id, kidaddress, kidchimney, kidname, toyname) VALUES (19, '386 Thaddeus Harbor 03081 D''Amorefurt', false, 'Moises Koch', 'Moltres');
INSERT INTO stop (id, kidaddress, kidchimney, kidname, toyname) VALUES (20, '22935 Farrell Run 58981 Lennyberg', true, 'Stacey Rippin', 'Abra');
INSERT INTO stop (id, kidaddress, kidchimney, kidname, toyname) VALUES (22, '6706 Margherita Oval 43172 Port Hilary', false, 'Aracelis Bradtke', 'Dodrio');
INSERT INTO stop (id, kidaddress, kidchimney, kidname, toyname) VALUES (23, '98826 Marvin Tunnel 74196 Beckystad', true, 'Sana Oberbrunner', 'Dugtrio');
INSERT INTO stop (id, kidaddress, kidchimney, kidname, toyname) VALUES (24, '20529 Rempel Ferry 76653 New Brianneside', true, 'Cristie Schulist', 'Pidgey');
INSERT INTO stop (id, kidaddress, kidchimney, kidname, toyname) VALUES (25, '45199 Langworth Manor 71159 South Elfriede', true, 'Abraham Bartoletti', 'Mew');
INSERT INTO stop (id, kidaddress, kidchimney, kidname, toyname) VALUES (26, '37998 Ankunding Plaza 19669-5872 New Oneidaport', true, 'Lauren Senger', 'Kakuna');
INSERT INTO stop (id, kidaddress, kidchimney, kidname, toyname) VALUES (27, '765 Bernie Pass 14222 Ewaville', false, 'Pasquale Mueller', 'Alakazam');
INSERT INTO stop (id, kidaddress, kidchimney, kidname, toyname) VALUES (28, '097 Becker Shore 30365 South Emory', false, 'Waylon Koepp', 'Kadabra');
INSERT INTO stop (id, kidaddress, kidchimney, kidname, toyname) VALUES (29, '23620 Zboncak Brook 43067 West Daysi', false, 'Fredric Hudson', 'Dugtrio');
INSERT INTO stop (id, kidaddress, kidchimney, kidname, toyname) VALUES (30, '23758 Jenna Lodge 79953 Port Marianelaburgh', false, 'Eustolia Flatley', 'Kadabra');
INSERT INTO stop (id, kidaddress, kidchimney, kidname, toyname) VALUES (31, '4664 Clemencia Highway 31604-1774 Anthonybury', false, 'Alonso Anderson', 'Doduo');
INSERT INTO stop (id, kidaddress, kidchimney, kidname, toyname) VALUES (32, '390 Karin Ranch 92845 North Ramiro', true, 'Suzanna Hoppe', 'Graveler');
INSERT INTO stop (id, kidaddress, kidchimney, kidname, toyname) VALUES (34, '51407 Omar Harbor 10562 Stantonshire', false, 'Derick Hamill', 'Pidgeot');
INSERT INTO stop (id, kidaddress, kidchimney, kidname, toyname) VALUES (35, '005 Laveta Point 94657 Ornburgh', false, 'Garry Wunsch', 'Primeape');
INSERT INTO stop (id, kidaddress, kidchimney, kidname, toyname) VALUES (36, '98432 Cathern Lake 64616-3913 Hyonbury', false, 'Alissa Schulist', 'Pidgeot');
INSERT INTO stop (id, kidaddress, kidchimney, kidname, toyname) VALUES (37, '84617 Amy Station 03516 Kundefort', true, 'Arlie Greenholt', 'Venonat');
INSERT INTO stop (id, kidaddress, kidchimney, kidname, toyname) VALUES (38, '80208 Lana Locks 59276 South Luigi', true, 'Fredric Klocko', 'Fearow');
INSERT INTO stop (id, kidaddress, kidchimney, kidname, toyname) VALUES (39, '705 Bednar Throughway 23254 Port Dewittland', false, 'Angel Roob', 'Hitmonlee');
INSERT INTO stop (id, kidaddress, kidchimney, kidname, toyname) VALUES (40, '9754 Isaias View 62561 Goldnershire', true, 'Malcolm Bruen', 'Machamp');
INSERT INTO stop (id, kidaddress, kidchimney, kidname, toyname) VALUES (41, '450 Jackie Light 20481-1532 Burtstad', false, 'Tuan Crist', 'Vileplume');
INSERT INTO stop (id, kidaddress, kidchimney, kidname, toyname) VALUES (42, '2096 Hoppe Corners 08970-6491 Brakusview', true, 'Gil Brekke', 'Slowbro');
INSERT INTO stop (id, kidaddress, kidchimney, kidname, toyname) VALUES (43, '5505 Mitchell Forge 20800-5555 Colleneshire', false, 'Keisha Schmidt', 'Machoke');
INSERT INTO stop (id, kidaddress, kidchimney, kidname, toyname) VALUES (44, '0582 Goodwin Parkway 88489-0504 South Emileehaven', true, 'Gino Yundt', 'Paras');
INSERT INTO stop (id, kidaddress, kidchimney, kidname, toyname) VALUES (45, '527 Jacinda Mills 76695 Jacobsfort', true, 'Annmarie Hane', 'Caterpie');
INSERT INTO stop (id, kidaddress, kidchimney, kidname, toyname) VALUES (46, '362 Sipes Ways 85563-1628 Archiefurt', true, 'Manuela Weber', 'Starmie');
INSERT INTO stop (id, kidaddress, kidchimney, kidname, toyname) VALUES (47, '32262 Lubowitz Prairie 01612-1813 East Jeanice', true, 'Merrill Kuphal', 'Kangaskhan');
INSERT INTO stop (id, kidaddress, kidchimney, kidname, toyname) VALUES (48, '319 McDermott Overpass 33883 West Calvinborough', true, 'Melodie Blanda', 'Abra');
INSERT INTO stop (id, kidaddress, kidchimney, kidname, toyname) VALUES (49, '7689 Maria Villages 86013-7089 East Latina', false, 'Waneta Howe', 'Machamp');
INSERT INTO stop (id, kidaddress, kidchimney, kidname, toyname) VALUES (50, '211 Miller Bypass 48063-8639 East George', true, 'Barbar Lakin', 'Bellsprout');
INSERT INTO stop (id, kidaddress, kidchimney, kidname, toyname) VALUES (51, '0869 Delila Pass 24803 South Kelleymouth', true, 'Lamar Wiza', 'Dewgong');
INSERT INTO stop (id, kidaddress, kidchimney, kidname, toyname) VALUES (52, '96973 Bashirian Parkways 72315-3837 Stromanbury', true, 'Tad Wuckert', 'Pinsir');
INSERT INTO stop (id, kidaddress, kidchimney, kidname, toyname) VALUES (53, '4125 Terry Burg 52030-7734 West Frederic', false, 'Porsha Lubowitz', 'Bellsprout');
INSERT INTO stop (id, kidaddress, kidchimney, kidname, toyname) VALUES (54, '16264 Lubowitz Light 71093-3924 Port Rigobertoberg', true, 'Shawn McCullough', 'Parasect');
INSERT INTO stop (id, kidaddress, kidchimney, kidname, toyname) VALUES (55, '873 Marquardt Route 79964-8847 South Mario', true, 'Britt Hills', 'Dewgong');
INSERT INTO stop (id, kidaddress, kidchimney, kidname, toyname) VALUES (56, '7948 Hackett Trail 75140-8787 East Meagan', true, 'Ollie Collier', 'Pinsir');
INSERT INTO stop (id, kidaddress, kidchimney, kidname, toyname) VALUES (57, '87454 Laine Bypass 54693-1333 Lake Miloton', false, 'Blaine Oberbrunner', 'Machoke');
INSERT INTO stop (id, kidaddress, kidchimney, kidname, toyname) VALUES (58, '520 Moore Ferry 91459-6507 Tysonton', false, 'Bryant Beier', 'Dodrio');
INSERT INTO stop (id, kidaddress, kidchimney, kidname, toyname) VALUES (60, '802 Kunde Highway 33606-1065 McLaughlinfort', false, 'Stefan Gerlach', 'Machamp');
INSERT INTO stop (id, kidaddress, kidchimney, kidname, toyname) VALUES (61, '46616 Rocco Landing 40526-4394 Port Juttafort', false, 'Louetta Kuphal', 'Machoke');
INSERT INTO stop (id, kidaddress, kidchimney, kidname, toyname) VALUES (62, '8471 Nitzsche Lake 94348 North Isaura', true, 'Antwan Bahringer', 'Magmar');
INSERT INTO stop (id, kidaddress, kidchimney, kidname, toyname) VALUES (63, '881 Gleichner Plaza 87892 Gaylordstad', true, 'Lilla Gutmann', 'Rhydon');
INSERT INTO stop (id, kidaddress, kidchimney, kidname, toyname) VALUES (64, '65665 Courtney Turnpike 76437 Donnybury', false, 'Enrique Hane', 'Pidgeot');
INSERT INTO stop (id, kidaddress, kidchimney, kidname, toyname) VALUES (65, '91822 Renner Ville 61922 South Sueann', true, 'Wilfredo McDermott', 'Nidoking');
INSERT INTO stop (id, kidaddress, kidchimney, kidname, toyname) VALUES (66, '503 Hyman Drive 50834-9644 North Corneliusside', false, 'Vikki Fahey', 'Pidgey');
INSERT INTO stop (id, kidaddress, kidchimney, kidname, toyname) VALUES (67, '8851 Halvorson River 16690 North Vanita', true, 'Alona Tromp', 'Sandslash');
INSERT INTO stop (id, kidaddress, kidchimney, kidname, toyname) VALUES (68, '9475 Gwenda Shoal 95421 South Stephan', false, 'Gavin Dach', 'Machoke');
INSERT INTO stop (id, kidaddress, kidchimney, kidname, toyname) VALUES (69, '9014 Barton Estates 22727-4343 Allenaville', false, 'Krysten Kihn', 'Paras');
INSERT INTO stop (id, kidaddress, kidchimney, kidname, toyname) VALUES (70, '578 Rice Haven 85091-0937 Roobville', false, 'Jospeh Torp', 'Omastar');
INSERT INTO stop (id, kidaddress, kidchimney, kidname, toyname) VALUES (71, '23048 Marilyn Bridge 70086-9319 Prohaskashire', false, 'Kira Krajcik', 'Gyarados');
INSERT INTO stop (id, kidaddress, kidchimney, kidname, toyname) VALUES (72, '446 Corwin Gateway 10197-0425 Zemlakborough', false, 'Cristal Rath', 'Kangaskhan');
INSERT INTO stop (id, kidaddress, kidchimney, kidname, toyname) VALUES (74, '068 Feil Wells 97544 Kathleenhaven', true, 'Raymond Jenkins', 'Sandslash');
INSERT INTO stop (id, kidaddress, kidchimney, kidname, toyname) VALUES (75, '532 Cris Trail 64721 Barryborough', false, 'Quentin Hyatt', 'Pikachu');
INSERT INTO stop (id, kidaddress, kidchimney, kidname, toyname) VALUES (76, '351 Buckridge Fall 77672-2055 Lake Ozell', false, 'Angelita Medhurst', 'Dewgong');
INSERT INTO stop (id, kidaddress, kidchimney, kidname, toyname) VALUES (77, '59135 Vandervort Burgs 30817 East Darellchester', false, 'Burt Simonis', 'Voltorb');
INSERT INTO stop (id, kidaddress, kidchimney, kidname, toyname) VALUES (78, '4988 Clelia Springs 09096 Moisesside', true, 'Joel Wilkinson', 'Kangaskhan');
INSERT INTO stop (id, kidaddress, kidchimney, kidname, toyname) VALUES (79, '033 Rick Pike 23380 Port Brent', true, 'Devon Sanford', 'Starmie');
INSERT INTO stop (id, kidaddress, kidchimney, kidname, toyname) VALUES (80, '677 Pagac Forks 98465-4761 Port Bentonstad', false, 'Malcom Prosacco', 'Parasect');
INSERT INTO stop (id, kidaddress, kidchimney, kidname, toyname) VALUES (81, '58943 Nathaniel Pines 61153 East Harris', true, 'Jamaal Goyette', 'Machoke');
INSERT INTO stop (id, kidaddress, kidchimney, kidname, toyname) VALUES (82, '792 Kirlin Forges 82453-0554 West Noeliaport', true, 'Danial Keeling', 'Mewtwo');
INSERT INTO stop (id, kidaddress, kidchimney, kidname, toyname) VALUES (83, '55112 Clyde Court 09581-3325 Sandymouth', false, 'Josette Hyatt', 'Marowak');
INSERT INTO stop (id, kidaddress, kidchimney, kidname, toyname) VALUES (84, '10267 Kary Lodge 64228 New Ahmadton', true, 'Chas Olson', 'Nidoran');
INSERT INTO stop (id, kidaddress, kidchimney, kidname, toyname) VALUES (85, '7155 Renda Summit 41124-9658 Francischester', true, 'Mervin Johns', 'Metapod');
INSERT INTO stop (id, kidaddress, kidchimney, kidname, toyname) VALUES (86, '898 Orville Meadows 03415-4581 Cronastad', true, 'Kristopher Wiegand', 'Rhydon');
INSERT INTO stop (id, kidaddress, kidchimney, kidname, toyname) VALUES (87, '4257 Arlen Meadows 34669-8499 Ornborough', false, 'Hildegard Klocko', 'Machoke');
INSERT INTO stop (id, kidaddress, kidchimney, kidname, toyname) VALUES (88, '7371 Nestor Mountain 88181-3377 North Vicenteberg', true, 'Ira Quigley', 'Tentacool');
INSERT INTO stop (id, kidaddress, kidchimney, kidname, toyname) VALUES (89, '397 Lowe Stream 74684-2213 East Beau', true, 'Abbie Wilderman', 'Bellsprout');
INSERT INTO stop (id, kidaddress, kidchimney, kidname, toyname) VALUES (90, '27054 Jame Grove 13707 Kemmerfurt', false, 'Cruz Rath', 'Parasect');
INSERT INTO stop (id, kidaddress, kidchimney, kidname, toyname) VALUES (91, '1208 Therese Forge 07912-3928 Port Brandyview', false, 'Emery Walter', 'Gyarados');
INSERT INTO stop (id, kidaddress, kidchimney, kidname, toyname) VALUES (92, '361 Mills Falls 56164-0461 West Tommieland', false, 'Raymon Kessler', 'Mew');
INSERT INTO stop (id, kidaddress, kidchimney, kidname, toyname) VALUES (93, '9289 Andres Common 87906-3532 Leuschkeborough', false, 'Vita Kertzmann', 'Metapod');
INSERT INTO stop (id, kidaddress, kidchimney, kidname, toyname) VALUES (95, '23065 Winfred Expressway 26972-2099 Bergefort', false, 'Clair Ryan', 'Kangaskhan');
INSERT INTO stop (id, kidaddress, kidchimney, kidname, toyname) VALUES (96, '888 Beatrice Throughway 89849 Christeenland', true, 'Deandre Kiehn', 'Hitmonlee');
INSERT INTO stop (id, kidaddress, kidchimney, kidname, toyname) VALUES (97, '92655 Metz Inlet 04162-1123 North Dalenebury', true, 'Donovan Sipes', 'Graveler');
INSERT INTO stop (id, kidaddress, kidchimney, kidname, toyname) VALUES (98, '4076 Leland Route 50270 Kuphalfort', true, 'Lacie Kris', 'Pinsir');
INSERT INTO stop (id, kidaddress, kidchimney, kidname, toyname) VALUES (99, '3557 Ankunding Square 84382 Aufderharview', false, 'Almeda Casper', 'Exeggcute');
INSERT INTO stop (id, kidaddress, kidchimney, kidname, toyname) VALUES (100, '040 Schulist Course 86536 South Lawanna', true, 'Randall Schulist', 'Vileplume');
INSERT INTO stop (id, kidaddress, kidchimney, kidname, toyname) VALUES (101, '5778 Neda Well 29447-5880 Christiansenfort', true, 'Tori Gerlach', 'Gloom');
INSERT INTO stop (id, kidaddress, kidchimney, kidname, toyname) VALUES (102, '7702 Andre Radial 07673 Port Jettie', true, 'Keely Dach', 'Sandslash');
INSERT INTO stop (id, kidaddress, kidchimney, kidname, toyname) VALUES (103, '2327 Gutkowski Island 57369 South Salvador', true, 'Earnest Tromp', 'Tentacool');
INSERT INTO stop (id, kidaddress, kidchimney, kidname, toyname) VALUES (104, '63643 Edgardo View 35023 East Gerardview', true, 'Huey Fahey', 'Fearow');
INSERT INTO stop (id, kidaddress, kidchimney, kidname, toyname) VALUES (105, '4880 Bernard Lane 37831 East Levitown', true, 'Latonya Kshlerin', 'Caterpie');
INSERT INTO stop (id, kidaddress, kidchimney, kidname, toyname) VALUES (106, '951 Padberg Prairie 08137-8440 Freddiemouth', false, 'Angelena Weber', 'Slowbro');
INSERT INTO stop (id, kidaddress, kidchimney, kidname, toyname) VALUES (107, '8068 Brendon Prairie 93242 Port Teresa', false, 'Bulah Lowe', 'Tentacruel');
INSERT INTO stop (id, kidaddress, kidchimney, kidname, toyname) VALUES (108, '46307 Rempel Radial 07240-2175 Colestad', false, 'Cher Bednar', 'Zubat');
INSERT INTO stop (id, kidaddress, kidchimney, kidname, toyname) VALUES (109, '593 Feest Ridge 72065-3569 Lavonnetown', false, 'Nita Ortiz', 'Gloom');
INSERT INTO stop (id, kidaddress, kidchimney, kidname, toyname) VALUES (110, '11234 Gil Park 84909-5618 Haagmouth', false, 'Erminia Legros', 'Staryu');
INSERT INTO stop (id, kidaddress, kidchimney, kidname, toyname) VALUES (111, '75760 Annalee Ways 27336 East Ignaciofurt', true, 'Arnoldo Frami', 'Jolteon');
INSERT INTO stop (id, kidaddress, kidchimney, kidname, toyname) VALUES (112, '6829 Elaina Track 90501 Crissyport', true, 'Felipe Krajcik', 'Zubat');
INSERT INTO stop (id, kidaddress, kidchimney, kidname, toyname) VALUES (113, '84029 Boyer Freeway 26329 Rickyland', false, 'Kendrick Metz', 'Kadabra');
INSERT INTO stop (id, kidaddress, kidchimney, kidname, toyname) VALUES (114, '011 Greenholt Place 29288 Corrinfurt', false, 'Tama Runte', 'Psyduck');
INSERT INTO stop (id, kidaddress, kidchimney, kidname, toyname) VALUES (116, '5124 Bonita Plains 07834-2427 Conroyshire', true, 'Norris Gleichner', 'Zubat');
INSERT INTO stop (id, kidaddress, kidchimney, kidname, toyname) VALUES (117, '3254 Aron Union 60197 South Domenicaview', true, 'Cameron Reinger', 'Beedrill');
INSERT INTO stop (id, kidaddress, kidchimney, kidname, toyname) VALUES (118, '6571 Ernesto Square 79462 Danicaville', false, 'Ned Murray', 'Doduo');
INSERT INTO stop (id, kidaddress, kidchimney, kidname, toyname) VALUES (119, '8586 Kathaleen Inlet 70946 West Thao', false, 'Clemente Effertz', 'Kangaskhan');
INSERT INTO stop (id, kidaddress, kidchimney, kidname, toyname) VALUES (120, '34913 Preston Canyon 23192-2263 East Sebastian', true, 'Art O''Kon', 'Abra');
INSERT INTO stop (id, kidaddress, kidchimney, kidname, toyname) VALUES (121, '134 Bruen Roads 11540-7949 Duncanberg', false, 'Johnathon Corkery', 'Moltres');
INSERT INTO stop (id, kidaddress, kidchimney, kidname, toyname) VALUES (122, '10971 Carroll Valleys 57376-0826 Bradleyberg', false, 'Lenore Swaniawski', 'Kabutops');
INSERT INTO stop (id, kidaddress, kidchimney, kidname, toyname) VALUES (123, '451 Bergnaum Squares 05993 North Geraldochester', false, 'Adalberto Mohr', 'Gloom');
INSERT INTO stop (id, kidaddress, kidchimney, kidname, toyname) VALUES (124, '7600 Hauck Stravenue 72054-8840 West Stevie', false, 'Son Botsford', 'Dodrio');
INSERT INTO stop (id, kidaddress, kidchimney, kidname, toyname) VALUES (125, '14309 Vaughn Hills 45435-2664 North Dora', false, 'Val Bernhard', 'Gengar');
INSERT INTO stop (id, kidaddress, kidchimney, kidname, toyname) VALUES (126, '9664 George Ville 74024-8262 Port Lylehaven', false, 'Pamela O''Conner', 'Jolteon');
INSERT INTO stop (id, kidaddress, kidchimney, kidname, toyname) VALUES (127, '9255 Nicky River 78073-1976 Alleneton', true, 'Nigel Satterfield', 'Tauros');
INSERT INTO stop (id, kidaddress, kidchimney, kidname, toyname) VALUES (128, '600 Tish Brook 64855 South Roryburgh', false, 'Charis Reinger', 'Kabutops');
INSERT INTO stop (id, kidaddress, kidchimney, kidname, toyname) VALUES (129, '015 Frami Spurs 73332-5436 West Guadalupeview', false, 'Wayne Nikolaus', 'Vileplume');
INSERT INTO stop (id, kidaddress, kidchimney, kidname, toyname) VALUES (130, '61875 Walker Trafficway 74875-8645 West Tyler', false, 'Jackie Steuber', 'Zubat');
INSERT INTO stop (id, kidaddress, kidchimney, kidname, toyname) VALUES (131, '69675 Fay Corners 06937 North Marilynhaven', true, 'Thad Ratke', 'Tentacruel');
INSERT INTO stop (id, kidaddress, kidchimney, kidname, toyname) VALUES (132, '8956 Runolfsson Run 45685-1204 East Hoytland', true, 'Young Koch', 'Pinsir');
INSERT INTO stop (id, kidaddress, kidchimney, kidname, toyname) VALUES (133, '62582 Danny Bridge 13969-7841 Wolffbury', false, 'Mohammad Davis', 'Gyarados');
INSERT INTO stop (id, kidaddress, kidchimney, kidname, toyname) VALUES (134, '359 Maisie Canyon 09299 Port Suzan', true, 'Kristopher Rohan', 'Magmar');
INSERT INTO stop (id, kidaddress, kidchimney, kidname, toyname) VALUES (135, '967 Jordon Field 49314-5978 South Ahmed', true, 'Darrell Champlin', 'Pidgeotto');
INSERT INTO stop (id, kidaddress, kidchimney, kidname, toyname) VALUES (137, '776 Hartmann Locks 48007-6618 East Rubi', true, 'Elbert Schmeler', 'Pinsir');
INSERT INTO stop (id, kidaddress, kidchimney, kidname, toyname) VALUES (138, '5299 Hilario Well 60351-1919 East Gilberthaven', false, 'Craig Wunsch', 'Rhydon');
INSERT INTO stop (id, kidaddress, kidchimney, kidname, toyname) VALUES (139, '9102 Orlando Station 21735 Cassintown', true, 'Taunya Grant', 'Parasect');
INSERT INTO stop (id, kidaddress, kidchimney, kidname, toyname) VALUES (140, '719 Wolff Landing 98741 Wolffhaven', false, 'Brock Predovic', 'Pidgey');
INSERT INTO stop (id, kidaddress, kidchimney, kidname, toyname) VALUES (141, '6613 Nicolas Knoll 86452-6785 Lueilwitztown', true, 'Lady Schumm', 'Machamp');
INSERT INTO stop (id, kidaddress, kidchimney, kidname, toyname) VALUES (142, '45303 Susannah Meadow 55658 North Alejandro', true, 'Nanci Schumm', 'Metapod');
INSERT INTO stop (id, kidaddress, kidchimney, kidname, toyname) VALUES (143, '818 Fransisca Vista 98583-8480 Fumikomouth', false, 'Julian Bechtelar', 'Jolteon');
INSERT INTO stop (id, kidaddress, kidchimney, kidname, toyname) VALUES (144, '166 Seymour Manor 89125-4850 Annastad', false, 'Deane Morar', 'Caterpie');
INSERT INTO stop (id, kidaddress, kidchimney, kidname, toyname) VALUES (145, '0861 Nena Village 60054 West Martin', true, 'Bernita Mraz', 'Machoke');
INSERT INTO stop (id, kidaddress, kidchimney, kidname, toyname) VALUES (146, '21038 Ty Harbor 50295-5134 Laurenmouth', false, 'Ginette Medhurst', 'Dodrio');
INSERT INTO stop (id, kidaddress, kidchimney, kidname, toyname) VALUES (147, '2333 Ernesto Ville 21400 West Romaville', true, 'Olivia McGlynn', 'Dragonair');
INSERT INTO stop (id, kidaddress, kidchimney, kidname, toyname) VALUES (148, '4561 Emerson Meadow 49919-3036 Mohrmouth', true, 'Delmer Stehr', 'Metapod');
INSERT INTO stop (id, kidaddress, kidchimney, kidname, toyname) VALUES (149, '33025 Ciara Rue 91279-7934 North Margebury', true, 'Kenna Mayert', 'Marowak');
INSERT INTO stop (id, kidaddress, kidchimney, kidname, toyname) VALUES (150, '875 Mardell Knolls 33773-5723 North Emilio', true, 'Jovan Adams', 'Rhydon');
INSERT INTO stop (id, kidaddress, kidchimney, kidname, toyname) VALUES (151, '2668 Pacocha Causeway 95348-0871 Deckowborough', true, 'Jeanna Ernser', 'Doduo');
INSERT INTO stop (id, kidaddress, kidchimney, kidname, toyname) VALUES (152, '417 Shirly Trafficway 09839-7810 Bogisichport', false, 'Michaela Adams', 'Jolteon');
INSERT INTO stop (id, kidaddress, kidchimney, kidname, toyname) VALUES (153, '11459 Noe Haven 99941 Hahnshire', true, 'Karol Rolfson', 'Mankey');
INSERT INTO stop (id, kidaddress, kidchimney, kidname, toyname) VALUES (154, '450 Feeney Junction 64545-1170 Janayton', true, 'Mindy Lynch', 'Voltorb');
INSERT INTO stop (id, kidaddress, kidchimney, kidname, toyname) VALUES (155, '1479 Lynch Land 30279-0203 O''Connellfurt', true, 'Ariel Stroman', 'Parasect');
INSERT INTO stop (id, kidaddress, kidchimney, kidname, toyname) VALUES (156, '0479 Shayna Lodge 71444 Port Aminaport', true, 'Tomeka Heathcote', 'Venonat');
INSERT INTO stop (id, kidaddress, kidchimney, kidname, toyname) VALUES (158, '029 Schroeder Lodge 27200 North Tameika', false, 'Shonta Lowe', 'Mew');
INSERT INTO stop (id, kidaddress, kidchimney, kidname, toyname) VALUES (159, '6365 Lemke Meadow 75084 Lake Peter', true, 'Santo Roberts', 'Marowak');
INSERT INTO stop (id, kidaddress, kidchimney, kidname, toyname) VALUES (160, '86068 Boyer Glens 80760-7728 Hermistonview', true, 'Garret Cummerata', 'Venonat');
INSERT INTO stop (id, kidaddress, kidchimney, kidname, toyname) VALUES (161, '1964 Bauch Burgs 15325-1662 West Shelley', false, 'China Mante', 'Hitmonlee');
INSERT INTO stop (id, kidaddress, kidchimney, kidname, toyname) VALUES (162, '8775 Veola Corners 53091 Larsonmouth', true, 'Alejandro Gislason', 'Machamp');
INSERT INTO stop (id, kidaddress, kidchimney, kidname, toyname) VALUES (163, '88138 Dickinson Islands 39306-9822 Lake Mireyastad', false, 'Timothy Crooks', 'Exeggcute');
INSERT INTO stop (id, kidaddress, kidchimney, kidname, toyname) VALUES (164, '058 Auer Stravenue 17202-6600 North Margotstad', false, 'Kenton Bruen', 'Pikachu');
INSERT INTO stop (id, kidaddress, kidchimney, kidname, toyname) VALUES (165, '719 Douglas Rest 87250 Nedhaven', true, 'Joshua Roberts', 'Jolteon');
INSERT INTO stop (id, kidaddress, kidchimney, kidname, toyname) VALUES (166, '6042 Merideth Point 97592 South Keikostad', true, 'Mitchel Okuneva', 'Eevee');
INSERT INTO stop (id, kidaddress, kidchimney, kidname, toyname) VALUES (167, '47924 Braun Shore 88248 West Sibyl', false, 'Buena Wiegand', 'Rhydon');
INSERT INTO stop (id, kidaddress, kidchimney, kidname, toyname) VALUES (168, '6539 Little Union 11440-5815 Arronshire', false, 'Carroll Legros', 'Gloom');
INSERT INTO stop (id, kidaddress, kidchimney, kidname, toyname) VALUES (169, '7170 Pricilla Square 70983 New Deanbury', true, 'Maryland Kohler', 'Nidoran');
INSERT INTO stop (id, kidaddress, kidchimney, kidname, toyname) VALUES (170, '644 Janella Inlet 15321-3065 Lake Cassondraville', false, 'Fredrick Funk', 'Sandslash');
INSERT INTO stop (id, kidaddress, kidchimney, kidname, toyname) VALUES (171, '3612 Adrian Ridge 84060-1503 Lake Nicolastad', false, 'Dion Rutherford', 'Jolteon');
INSERT INTO stop (id, kidaddress, kidchimney, kidname, toyname) VALUES (172, '53005 Champlin Greens 18527-7524 Hansview', false, 'Jaimie Feil', 'Fearow');
INSERT INTO stop (id, kidaddress, kidchimney, kidname, toyname) VALUES (173, '11822 Luann Locks 93581-7996 New Eltonhaven', true, 'Josue O''Kon', 'Hitmonlee');
INSERT INTO stop (id, kidaddress, kidchimney, kidname, toyname) VALUES (174, '263 Bethany Junction 94280 Carltonhaven', true, 'Dania Heaney', 'Metapod');
INSERT INTO stop (id, kidaddress, kidchimney, kidname, toyname) VALUES (175, '732 Efrain Harbors 37907-9670 Bodeshire', true, 'Alexander Collier', 'Zubat');
INSERT INTO stop (id, kidaddress, kidchimney, kidname, toyname) VALUES (176, '8962 Upton Stream 13638-6214 West Woodrowshire', false, 'Loria Hudson', 'Primeape');
INSERT INTO stop (id, kidaddress, kidchimney, kidname, toyname) VALUES (177, '76092 Marlon Pine 80509 Nicolaschester', false, 'Thalia Osinski', 'Zubat');
INSERT INTO stop (id, kidaddress, kidchimney, kidname, toyname) VALUES (178, '9640 Ziemann Circles 37779 South Alphonse', false, 'Guadalupe Schulist', 'Eevee');
INSERT INTO stop (id, kidaddress, kidchimney, kidname, toyname) VALUES (180, '6177 Schamberger Club 88147-4429 West Latashahaven', false, 'Soo Metz', 'Caterpie');
INSERT INTO stop (id, kidaddress, kidchimney, kidname, toyname) VALUES (181, '75831 Tenesha Parks 60214 Port Cliffordland', false, 'Dania Waelchi', 'Gyarados');
INSERT INTO stop (id, kidaddress, kidchimney, kidname, toyname) VALUES (182, '843 O''Keefe Viaduct 23057 South Ozzie', false, 'Cameron Osinski', 'Magmar');
INSERT INTO stop (id, kidaddress, kidchimney, kidname, toyname) VALUES (183, '63768 Fay Prairie 59314-4579 New Monteberg', false, 'Sage DuBuque', 'Caterpie');
INSERT INTO stop (id, kidaddress, kidchimney, kidname, toyname) VALUES (184, '400 Medhurst Locks 64822 Paolashire', true, 'Suellen Mayer', 'Dodrio');
INSERT INTO stop (id, kidaddress, kidchimney, kidname, toyname) VALUES (185, '061 Reynolds Estates 44891-7471 Auerville', true, 'Reggie Brakus', 'Paras');
INSERT INTO stop (id, kidaddress, kidchimney, kidname, toyname) VALUES (186, '138 Lindgren Flats 33231-5252 Rosenbaumshire', false, 'Thaddeus Greenfelder', 'Moltres');
INSERT INTO stop (id, kidaddress, kidchimney, kidname, toyname) VALUES (187, '3604 Yundt Valleys 81726-6273 Hirthehaven', false, 'Rudolf Cummings', 'Voltorb');
INSERT INTO stop (id, kidaddress, kidchimney, kidname, toyname) VALUES (188, '71741 Jerde Springs 67071-8081 Peggyberg', true, 'Lorenza Bartoletti', 'Voltorb');
INSERT INTO stop (id, kidaddress, kidchimney, kidname, toyname) VALUES (189, '958 Labadie Plains 55006 Lake Caylaborough', true, 'Ta Cummings', 'Doduo');
INSERT INTO stop (id, kidaddress, kidchimney, kidname, toyname) VALUES (190, '3180 Bechtelar Views 31001 Yelenaside', true, 'Aurea Vandervort', 'Metapod');
INSERT INTO stop (id, kidaddress, kidchimney, kidname, toyname) VALUES (191, '605 Nienow Springs 75522 Unside', true, 'Dionne Rutherford', 'Magmar');
INSERT INTO stop (id, kidaddress, kidchimney, kidname, toyname) VALUES (192, '7124 Brendan Forest 88197-2651 West Akilah', false, 'Arthur Prosacco', 'Pikachu');
INSERT INTO stop (id, kidaddress, kidchimney, kidname, toyname) VALUES (193, '64995 Jean Prairie 05038-7962 New Sammy', false, 'Luciano Rodriguez', 'Graveler');
INSERT INTO stop (id, kidaddress, kidchimney, kidname, toyname) VALUES (194, '659 Emil Ramp 00009-3479 New Wademouth', false, 'Quinn Abshire', 'Cubone');
INSERT INTO stop (id, kidaddress, kidchimney, kidname, toyname) VALUES (195, '799 Nienow Plaza 21139-2126 North Sadyehaven', true, 'Jamel Sanford', 'Slowbro');
INSERT INTO stop (id, kidaddress, kidchimney, kidname, toyname) VALUES (196, '3212 Blanda Parkways 44544 Hoegermouth', true, 'Dorinda Ritchie', 'Kabutops');
INSERT INTO stop (id, kidaddress, kidchimney, kidname, toyname) VALUES (197, '7983 Bergstrom Loop 78039-3537 Neilmouth', false, 'Lisa Haley', 'Staryu');
INSERT INTO stop (id, kidaddress, kidchimney, kidname, toyname) VALUES (199, '541 Weber Oval 51379 South Noelburgh', false, 'Oswaldo McLaughlin', 'Slowpoke');
INSERT INTO stop (id, kidaddress, kidchimney, kidname, toyname) VALUES (200, '854 Hilll Court 41612-7948 Runolfsdottirhaven', false, 'Maryam Ondricka', 'Bellsprout');
INSERT INTO stop (id, kidaddress, kidchimney, kidname, toyname) VALUES (201, '29109 Homenick Hollow 90199 Lefflerfort', false, 'Dillon Toy', 'Pidgeotto');
INSERT INTO stop (id, kidaddress, kidchimney, kidname, toyname) VALUES (202, '55306 McLaughlin Skyway 69056-4936 Haitown', false, 'Cedrick Kunde', 'Kadabra');
INSERT INTO stop (id, kidaddress, kidchimney, kidname, toyname) VALUES (203, '1119 Collins Shoals 09366 East Eric', true, 'Jc Conroy', 'Staryu');
INSERT INTO stop (id, kidaddress, kidchimney, kidname, toyname) VALUES (204, '5728 Bartoletti Unions 76335 Dinafort', true, 'Kevin Tremblay', 'Kangaskhan');
INSERT INTO stop (id, kidaddress, kidchimney, kidname, toyname) VALUES (205, '2091 Clark Oval 31979-1405 Lake Abrahammouth', true, 'Donnie Brown', 'Dragonair');
INSERT INTO stop (id, kidaddress, kidchimney, kidname, toyname) VALUES (206, '021 Schuppe Ville 82653-0749 New Von', false, 'Willian Abshire', 'Rhyhorn');
INSERT INTO stop (id, kidaddress, kidchimney, kidname, toyname) VALUES (207, '280 Jacobson Points 92640-6793 West Apolonia', true, 'Shirley O''Reilly', 'Voltorb');
INSERT INTO stop (id, kidaddress, kidchimney, kidname, toyname) VALUES (208, '3197 Eddy Rue 41843-4026 Mervinville', false, 'Carole Pouros', 'Staryu');
INSERT INTO stop (id, kidaddress, kidchimney, kidname, toyname) VALUES (209, '0756 Nader Extension 71329-5134 West Arnulfomouth', false, 'Shanda Kunze', 'Hitmonlee');
INSERT INTO stop (id, kidaddress, kidchimney, kidname, toyname) VALUES (210, '9138 Timmy Creek 38266 Lorileeborough', false, 'Zachary Senger', 'Dewgong');
INSERT INTO stop (id, kidaddress, kidchimney, kidname, toyname) VALUES (211, '095 Dwain Ridges 57656-6036 Robertsmouth', false, 'Azzie Tremblay', 'Pidgey');

INSERT INTO schedule_stop (schedule_id, stops_id) VALUES (1, 2);
INSERT INTO schedule_stop (schedule_id, stops_id) VALUES (1, 3);
INSERT INTO schedule_stop (schedule_id, stops_id) VALUES (1, 4);
INSERT INTO schedule_stop (schedule_id, stops_id) VALUES (1, 5);
INSERT INTO schedule_stop (schedule_id, stops_id) VALUES (1, 6);
INSERT INTO schedule_stop (schedule_id, stops_id) VALUES (1, 7);
INSERT INTO schedule_stop (schedule_id, stops_id) VALUES (1, 8);
INSERT INTO schedule_stop (schedule_id, stops_id) VALUES (1, 9);
INSERT INTO schedule_stop (schedule_id, stops_id) VALUES (1, 10);
INSERT INTO schedule_stop (schedule_id, stops_id) VALUES (1, 11);
INSERT INTO schedule_stop (schedule_id, stops_id) VALUES (1, 12);
INSERT INTO schedule_stop (schedule_id, stops_id) VALUES (1, 13);
INSERT INTO schedule_stop (schedule_id, stops_id) VALUES (1, 14);
INSERT INTO schedule_stop (schedule_id, stops_id) VALUES (1, 15);
INSERT INTO schedule_stop (schedule_id, stops_id) VALUES (1, 16);
INSERT INTO schedule_stop (schedule_id, stops_id) VALUES (1, 17);
INSERT INTO schedule_stop (schedule_id, stops_id) VALUES (1, 18);
INSERT INTO schedule_stop (schedule_id, stops_id) VALUES (1, 19);
INSERT INTO schedule_stop (schedule_id, stops_id) VALUES (1, 20);
INSERT INTO schedule_stop (schedule_id, stops_id) VALUES (21, 22);
INSERT INTO schedule_stop (schedule_id, stops_id) VALUES (21, 23);
INSERT INTO schedule_stop (schedule_id, stops_id) VALUES (21, 24);
INSERT INTO schedule_stop (schedule_id, stops_id) VALUES (21, 25);
INSERT INTO schedule_stop (schedule_id, stops_id) VALUES (21, 26);
INSERT INTO schedule_stop (schedule_id, stops_id) VALUES (21, 27);
INSERT INTO schedule_stop (schedule_id, stops_id) VALUES (21, 28);
INSERT INTO schedule_stop (schedule_id, stops_id) VALUES (21, 29);
INSERT INTO schedule_stop (schedule_id, stops_id) VALUES (21, 30);
INSERT INTO schedule_stop (schedule_id, stops_id) VALUES (21, 31);
INSERT INTO schedule_stop (schedule_id, stops_id) VALUES (21, 32);
INSERT INTO schedule_stop (schedule_id, stops_id) VALUES (33, 34);
INSERT INTO schedule_stop (schedule_id, stops_id) VALUES (33, 35);
INSERT INTO schedule_stop (schedule_id, stops_id) VALUES (33, 36);
INSERT INTO schedule_stop (schedule_id, stops_id) VALUES (33, 37);
INSERT INTO schedule_stop (schedule_id, stops_id) VALUES (33, 38);
INSERT INTO schedule_stop (schedule_id, stops_id) VALUES (33, 39);
INSERT INTO schedule_stop (schedule_id, stops_id) VALUES (33, 40);
INSERT INTO schedule_stop (schedule_id, stops_id) VALUES (33, 41);
INSERT INTO schedule_stop (schedule_id, stops_id) VALUES (33, 42);
INSERT INTO schedule_stop (schedule_id, stops_id) VALUES (33, 43);
INSERT INTO schedule_stop (schedule_id, stops_id) VALUES (33, 44);
INSERT INTO schedule_stop (schedule_id, stops_id) VALUES (33, 45);
INSERT INTO schedule_stop (schedule_id, stops_id) VALUES (33, 46);
INSERT INTO schedule_stop (schedule_id, stops_id) VALUES (33, 47);
INSERT INTO schedule_stop (schedule_id, stops_id) VALUES (33, 48);
INSERT INTO schedule_stop (schedule_id, stops_id) VALUES (33, 49);
INSERT INTO schedule_stop (schedule_id, stops_id) VALUES (33, 50);
INSERT INTO schedule_stop (schedule_id, stops_id) VALUES (33, 51);
INSERT INTO schedule_stop (schedule_id, stops_id) VALUES (33, 52);
INSERT INTO schedule_stop (schedule_id, stops_id) VALUES (33, 53);
INSERT INTO schedule_stop (schedule_id, stops_id) VALUES (33, 54);
INSERT INTO schedule_stop (schedule_id, stops_id) VALUES (33, 55);
INSERT INTO schedule_stop (schedule_id, stops_id) VALUES (33, 56);
INSERT INTO schedule_stop (schedule_id, stops_id) VALUES (33, 57);
INSERT INTO schedule_stop (schedule_id, stops_id) VALUES (33, 58);
INSERT INTO schedule_stop (schedule_id, stops_id) VALUES (59, 60);
INSERT INTO schedule_stop (schedule_id, stops_id) VALUES (59, 61);
INSERT INTO schedule_stop (schedule_id, stops_id) VALUES (59, 62);
INSERT INTO schedule_stop (schedule_id, stops_id) VALUES (59, 63);
INSERT INTO schedule_stop (schedule_id, stops_id) VALUES (59, 64);
INSERT INTO schedule_stop (schedule_id, stops_id) VALUES (59, 65);
INSERT INTO schedule_stop (schedule_id, stops_id) VALUES (59, 66);
INSERT INTO schedule_stop (schedule_id, stops_id) VALUES (59, 67);
INSERT INTO schedule_stop (schedule_id, stops_id) VALUES (59, 68);
INSERT INTO schedule_stop (schedule_id, stops_id) VALUES (59, 69);
INSERT INTO schedule_stop (schedule_id, stops_id) VALUES (59, 70);
INSERT INTO schedule_stop (schedule_id, stops_id) VALUES (59, 71);
INSERT INTO schedule_stop (schedule_id, stops_id) VALUES (59, 72);
INSERT INTO schedule_stop (schedule_id, stops_id) VALUES (73, 74);
INSERT INTO schedule_stop (schedule_id, stops_id) VALUES (73, 75);
INSERT INTO schedule_stop (schedule_id, stops_id) VALUES (73, 76);
INSERT INTO schedule_stop (schedule_id, stops_id) VALUES (73, 77);
INSERT INTO schedule_stop (schedule_id, stops_id) VALUES (73, 78);
INSERT INTO schedule_stop (schedule_id, stops_id) VALUES (73, 79);
INSERT INTO schedule_stop (schedule_id, stops_id) VALUES (73, 80);
INSERT INTO schedule_stop (schedule_id, stops_id) VALUES (73, 81);
INSERT INTO schedule_stop (schedule_id, stops_id) VALUES (73, 82);
INSERT INTO schedule_stop (schedule_id, stops_id) VALUES (73, 83);
INSERT INTO schedule_stop (schedule_id, stops_id) VALUES (73, 84);
INSERT INTO schedule_stop (schedule_id, stops_id) VALUES (73, 85);
INSERT INTO schedule_stop (schedule_id, stops_id) VALUES (73, 86);
INSERT INTO schedule_stop (schedule_id, stops_id) VALUES (73, 87);
INSERT INTO schedule_stop (schedule_id, stops_id) VALUES (73, 88);
INSERT INTO schedule_stop (schedule_id, stops_id) VALUES (73, 89);
INSERT INTO schedule_stop (schedule_id, stops_id) VALUES (73, 90);
INSERT INTO schedule_stop (schedule_id, stops_id) VALUES (73, 91);
INSERT INTO schedule_stop (schedule_id, stops_id) VALUES (73, 92);
INSERT INTO schedule_stop (schedule_id, stops_id) VALUES (73, 93);
INSERT INTO schedule_stop (schedule_id, stops_id) VALUES (94, 95);
INSERT INTO schedule_stop (schedule_id, stops_id) VALUES (94, 96);
INSERT INTO schedule_stop (schedule_id, stops_id) VALUES (94, 97);
INSERT INTO schedule_stop (schedule_id, stops_id) VALUES (94, 98);
INSERT INTO schedule_stop (schedule_id, stops_id) VALUES (94, 99);
INSERT INTO schedule_stop (schedule_id, stops_id) VALUES (94, 100);
INSERT INTO schedule_stop (schedule_id, stops_id) VALUES (94, 101);
INSERT INTO schedule_stop (schedule_id, stops_id) VALUES (94, 102);
INSERT INTO schedule_stop (schedule_id, stops_id) VALUES (94, 103);
INSERT INTO schedule_stop (schedule_id, stops_id) VALUES (94, 104);
INSERT INTO schedule_stop (schedule_id, stops_id) VALUES (94, 105);
INSERT INTO schedule_stop (schedule_id, stops_id) VALUES (94, 106);
INSERT INTO schedule_stop (schedule_id, stops_id) VALUES (94, 107);
INSERT INTO schedule_stop (schedule_id, stops_id) VALUES (94, 108);
INSERT INTO schedule_stop (schedule_id, stops_id) VALUES (94, 109);
INSERT INTO schedule_stop (schedule_id, stops_id) VALUES (94, 110);
INSERT INTO schedule_stop (schedule_id, stops_id) VALUES (94, 111);
INSERT INTO schedule_stop (schedule_id, stops_id) VALUES (94, 112);
INSERT INTO schedule_stop (schedule_id, stops_id) VALUES (94, 113);
INSERT INTO schedule_stop (schedule_id, stops_id) VALUES (94, 114);
INSERT INTO schedule_stop (schedule_id, stops_id) VALUES (115, 116);
INSERT INTO schedule_stop (schedule_id, stops_id) VALUES (115, 117);
INSERT INTO schedule_stop (schedule_id, stops_id) VALUES (115, 118);
INSERT INTO schedule_stop (schedule_id, stops_id) VALUES (115, 119);
INSERT INTO schedule_stop (schedule_id, stops_id) VALUES (115, 120);
INSERT INTO schedule_stop (schedule_id, stops_id) VALUES (115, 121);
INSERT INTO schedule_stop (schedule_id, stops_id) VALUES (115, 122);
INSERT INTO schedule_stop (schedule_id, stops_id) VALUES (115, 123);
INSERT INTO schedule_stop (schedule_id, stops_id) VALUES (115, 124);
INSERT INTO schedule_stop (schedule_id, stops_id) VALUES (115, 125);
INSERT INTO schedule_stop (schedule_id, stops_id) VALUES (115, 126);
INSERT INTO schedule_stop (schedule_id, stops_id) VALUES (115, 127);
INSERT INTO schedule_stop (schedule_id, stops_id) VALUES (115, 128);
INSERT INTO schedule_stop (schedule_id, stops_id) VALUES (115, 129);
INSERT INTO schedule_stop (schedule_id, stops_id) VALUES (115, 130);
INSERT INTO schedule_stop (schedule_id, stops_id) VALUES (115, 131);
INSERT INTO schedule_stop (schedule_id, stops_id) VALUES (115, 132);
INSERT INTO schedule_stop (schedule_id, stops_id) VALUES (115, 133);
INSERT INTO schedule_stop (schedule_id, stops_id) VALUES (115, 134);
INSERT INTO schedule_stop (schedule_id, stops_id) VALUES (115, 135);
INSERT INTO schedule_stop (schedule_id, stops_id) VALUES (136, 137);
INSERT INTO schedule_stop (schedule_id, stops_id) VALUES (136, 138);
INSERT INTO schedule_stop (schedule_id, stops_id) VALUES (136, 139);
INSERT INTO schedule_stop (schedule_id, stops_id) VALUES (136, 140);
INSERT INTO schedule_stop (schedule_id, stops_id) VALUES (136, 141);
INSERT INTO schedule_stop (schedule_id, stops_id) VALUES (136, 142);
INSERT INTO schedule_stop (schedule_id, stops_id) VALUES (136, 143);
INSERT INTO schedule_stop (schedule_id, stops_id) VALUES (136, 144);
INSERT INTO schedule_stop (schedule_id, stops_id) VALUES (136, 145);
INSERT INTO schedule_stop (schedule_id, stops_id) VALUES (136, 146);
INSERT INTO schedule_stop (schedule_id, stops_id) VALUES (136, 147);
INSERT INTO schedule_stop (schedule_id, stops_id) VALUES (136, 148);
INSERT INTO schedule_stop (schedule_id, stops_id) VALUES (136, 149);
INSERT INTO schedule_stop (schedule_id, stops_id) VALUES (136, 150);
INSERT INTO schedule_stop (schedule_id, stops_id) VALUES (136, 151);
INSERT INTO schedule_stop (schedule_id, stops_id) VALUES (136, 152);
INSERT INTO schedule_stop (schedule_id, stops_id) VALUES (136, 153);
INSERT INTO schedule_stop (schedule_id, stops_id) VALUES (136, 154);
INSERT INTO schedule_stop (schedule_id, stops_id) VALUES (136, 155);
INSERT INTO schedule_stop (schedule_id, stops_id) VALUES (136, 156);
INSERT INTO schedule_stop (schedule_id, stops_id) VALUES (157, 158);
INSERT INTO schedule_stop (schedule_id, stops_id) VALUES (157, 159);
INSERT INTO schedule_stop (schedule_id, stops_id) VALUES (157, 160);
INSERT INTO schedule_stop (schedule_id, stops_id) VALUES (157, 161);
INSERT INTO schedule_stop (schedule_id, stops_id) VALUES (157, 162);
INSERT INTO schedule_stop (schedule_id, stops_id) VALUES (157, 163);
INSERT INTO schedule_stop (schedule_id, stops_id) VALUES (157, 164);
INSERT INTO schedule_stop (schedule_id, stops_id) VALUES (157, 165);
INSERT INTO schedule_stop (schedule_id, stops_id) VALUES (157, 166);
INSERT INTO schedule_stop (schedule_id, stops_id) VALUES (157, 167);
INSERT INTO schedule_stop (schedule_id, stops_id) VALUES (157, 168);
INSERT INTO schedule_stop (schedule_id, stops_id) VALUES (157, 169);
INSERT INTO schedule_stop (schedule_id, stops_id) VALUES (157, 170);
INSERT INTO schedule_stop (schedule_id, stops_id) VALUES (157, 171);
INSERT INTO schedule_stop (schedule_id, stops_id) VALUES (157, 172);
INSERT INTO schedule_stop (schedule_id, stops_id) VALUES (157, 173);
INSERT INTO schedule_stop (schedule_id, stops_id) VALUES (157, 174);
INSERT INTO schedule_stop (schedule_id, stops_id) VALUES (157, 175);
INSERT INTO schedule_stop (schedule_id, stops_id) VALUES (157, 176);
INSERT INTO schedule_stop (schedule_id, stops_id) VALUES (157, 177);
INSERT INTO schedule_stop (schedule_id, stops_id) VALUES (157, 178);
INSERT INTO schedule_stop (schedule_id, stops_id) VALUES (179, 180);
INSERT INTO schedule_stop (schedule_id, stops_id) VALUES (179, 181);
INSERT INTO schedule_stop (schedule_id, stops_id) VALUES (179, 182);
INSERT INTO schedule_stop (schedule_id, stops_id) VALUES (179, 183);
INSERT INTO schedule_stop (schedule_id, stops_id) VALUES (179, 184);
INSERT INTO schedule_stop (schedule_id, stops_id) VALUES (179, 185);
INSERT INTO schedule_stop (schedule_id, stops_id) VALUES (179, 186);
INSERT INTO schedule_stop (schedule_id, stops_id) VALUES (179, 187);
INSERT INTO schedule_stop (schedule_id, stops_id) VALUES (179, 188);
INSERT INTO schedule_stop (schedule_id, stops_id) VALUES (179, 189);
INSERT INTO schedule_stop (schedule_id, stops_id) VALUES (179, 190);
INSERT INTO schedule_stop (schedule_id, stops_id) VALUES (179, 191);
INSERT INTO schedule_stop (schedule_id, stops_id) VALUES (179, 192);
INSERT INTO schedule_stop (schedule_id, stops_id) VALUES (179, 193);
INSERT INTO schedule_stop (schedule_id, stops_id) VALUES (179, 194);
INSERT INTO schedule_stop (schedule_id, stops_id) VALUES (179, 195);
INSERT INTO schedule_stop (schedule_id, stops_id) VALUES (179, 196);
INSERT INTO schedule_stop (schedule_id, stops_id) VALUES (179, 197);
INSERT INTO schedule_stop (schedule_id, stops_id) VALUES (198, 199);
INSERT INTO schedule_stop (schedule_id, stops_id) VALUES (198, 200);
INSERT INTO schedule_stop (schedule_id, stops_id) VALUES (198, 201);
INSERT INTO schedule_stop (schedule_id, stops_id) VALUES (198, 202);
INSERT INTO schedule_stop (schedule_id, stops_id) VALUES (198, 203);
INSERT INTO schedule_stop (schedule_id, stops_id) VALUES (198, 204);
INSERT INTO schedule_stop (schedule_id, stops_id) VALUES (198, 205);
INSERT INTO schedule_stop (schedule_id, stops_id) VALUES (198, 206);
INSERT INTO schedule_stop (schedule_id, stops_id) VALUES (198, 207);
INSERT INTO schedule_stop (schedule_id, stops_id) VALUES (198, 208);
INSERT INTO schedule_stop (schedule_id, stops_id) VALUES (198, 209);
INSERT INTO schedule_stop (schedule_id, stops_id) VALUES (198, 210);
INSERT INTO schedule_stop (schedule_id, stops_id) VALUES (198, 211);
